{"x_mean": 135.11445617, "x_std": 65.07285308}