{"x_mean": 115.83621215820312, "x_std": 42.81252670288086}